{"cameraMode":{"drawMode":0,"name":"Shaded","section":"Shading Mode"},"sceneLighting":false,"audioPlay":false,"sceneViewState":{"showFog":true,"showMaterialUpdate":true,"showSkybox":false,"showFlares":true,"showImageEffects":true,"showParticleSystems":true},"in2DMode":false,"pivot":{"x":-0.012000501155853272,"y":0.004049509763717651,"z":7.976291656494141},"rotation":{"x":-0.22079604864120484,"y":0.7669699192047119,"z":-0.49682384729385378,"w":-0.3408522307872772},"size":4.803694248199463,"orthographic":false}